generation_step,memory_mb
0,30645.86181640625
1,30645.86181640625
2,30646.11279296875
3,30646.36279296875
4,30646.61279296875
5,30646.86279296875
6,30647.11279296875
7,30647.36279296875
8,30647.61279296875
9,30647.86279296875
10,30648.11279296875
