,Llama-3-8B,Llama-2-7B
bf16_baseline,5.4567927896172055,5.063286931728519
naive_W8A8,5.57485884653534,5.1752762550328875
W8A8_SmoothQuant_alpha0.5,5.872057332445156,5.300647785203325
