{
  "spec": {
    "world_size": 2,
    "global_batch_size": 64,
    "chunks": 4,
    "steps_warmup": 20,
    "steps_measure": 100,
    "partition": "even",
    "seeds": [
      1,
      2,
      3
    ]
  },
  "per_seed": [
    {
      "seed": 1,
      "throughput_samples_per_s": 185.3879616437113,
      "mem_peak_per_rank_bytes": [
        10394185728,
        10393792000
      ],
      "stage_forward_time_ms_per_rank": [
        384.915022277832,
        367.55636627197265
      ]
    },
    {
      "seed": 2,
      "throughput_samples_per_s": 168.30810665981386,
      "mem_peak_per_rank_bytes": [
        10394185728,
        10393792000
      ],
      "stage_forward_time_ms_per_rank": [
        782.804423904419,
        738.5050880432129
      ]
    },
    {
      "seed": 3,
      "throughput_samples_per_s": 168.31256536142004,
      "mem_peak_per_rank_bytes": [
        10394185728,
        10393792000
      ],
      "stage_forward_time_ms_per_rank": [
        1185.9422564697265,
        1116.82688331604
      ]
    }
  ],
  "aggregated": {
    "throughput_samples_per_s": {
      "mean": 174.00287788831508,
      "std": 8.05047013360277
    },
    "mem_peak_per_rank_bytes": [
      {
        "rank": 0,
        "mean": 10394185728.0,
        "std": 0.0
      },
      {
        "rank": 1,
        "mean": 10393792000.0,
        "std": 0.0
      }
    ]
  }
}