{
  "spec": {
    "world_size": 2,
    "global_batch_size": 64,
    "chunks": 4,
    "steps_warmup": 20,
    "steps_measure": 100,
    "partition": "even",
    "seeds": [
      1,
      2,
      3
    ]
  },
  "per_seed": [
    {
      "seed": 1,
      "throughput_samples_per_s": 163.54861912888353,
      "mem_peak_per_rank_bytes": [
        10394185728,
        10393792000
      ],
      "stage_forward_time_ms_per_rank": [
        390.0689679718018,
        361.8564033508301
      ]
    },
    {
      "seed": 2,
      "throughput_samples_per_s": 161.86089198040412,
      "mem_peak_per_rank_bytes": [
        10394185728,
        10393792000
      ],
      "stage_forward_time_ms_per_rank": [
        785.428253326416,
        734.907548828125
      ]
    },
    {
      "seed": 3,
      "throughput_samples_per_s": 161.370616876917,
      "mem_peak_per_rank_bytes": [
        10394185728,
        10393792000
      ],
      "stage_forward_time_ms_per_rank": [
        1188.1069995117186,
        1110.9566007995606
      ]
    }
  ],
  "aggregated": {
    "throughput_samples_per_s": {
      "mean": 162.26004266206823,
      "std": 0.9328859888887794
    },
    "mem_peak_per_rank_bytes": [
      {
        "rank": 0,
        "mean": 10394185728.0,
        "std": 0.0
      },
      {
        "rank": 1,
        "mean": 10393792000.0,
        "std": 0.0
      }
    ]
  }
}